id;name;comments;email;phone;dni;start;end;actived
1;mobile Games tangible;transition;Rashad_Abshire@hotmail.com;644-478-9256;Chicken invo;2020-05-14T15:14:18;2020-05-14T17:31:24;true
2;Borders;circuit cross-media;Miracle_Hagenes@hotmail.com;052-377-3164 x00530;Car;2020-05-15T07:04:29;2020-05-14T19:49:35;false
3;Shoes transform Global;e-business hack Wooden;Jayne.Rempel15@yahoo.com;395.168.6700 x565;Fiji;2020-05-15T06:03:59;2020-05-15T08:13:35;true
4;South Dakota compelling;transmit archive Senior;Angelica.Lebsack@yahoo.com;1-355-356-0572 x9489;reinvent Tas;2020-05-14T14:25:34;2020-05-14T17:04:28;true
5;Investment Account Practical Rubber Pants Movies;Analyst;Colby63@gmail.com;(051) 061-2977;Shoes Chief;2020-05-15T01:22:59;2020-05-14T13:00:33;true
6;maroon Pitcairn Islands local;Investor Harbors;Cleo24@gmail.com;1-165-027-1021 x4308;metrics;2020-05-14T18:22:03;2020-05-14T18:57:34;true
7;JBOD Handcrafted Developer;XML;Elna95@hotmail.com;101-235-3317;invoice neur;2020-05-14T14:36:31;2020-05-15T08:00:24;false
8;Drive;intuitive Optimization;Mittie_Stoltenberg@yahoo.com;727.542.9736 x2544;bypassing PN;2020-05-14T14:55:05;2020-05-15T08:15:37;false
9;Metrics Heard Island and McDonald Islands;generating;Mariam_Fisher64@hotmail.com;454-525-4583;TCP Quality;2020-05-14T21:20:15;2020-05-14T18:56:03;false
10;sexy Wallis and Futuna;SDD;Newton.Doyle@gmail.com;363.222.8936 x639;reciprocal;2020-05-14T17:41:08;2020-05-14T18:29:55;false
