id;title;description;url_img;url_img_content_type;actived
1;grid-enabled bypass system-worthy;Personal Loan Account convergence;../fake-data/blob/hipster.png;image/png;false
2;Curve web services;Public-key;../fake-data/blob/hipster.png;image/png;false
3;initiatives withdrawal;Credit Card Account Uzbekistan Sum Luxembourg;../fake-data/blob/hipster.png;image/png;true
4;Colorado;Pizza HTTP best-of-breed;../fake-data/blob/hipster.png;image/png;false
5;Investment Account Wall withdrawal;calculating compressing;../fake-data/blob/hipster.png;image/png;true
6;back up;Product generate;../fake-data/blob/hipster.png;image/png;true
7;Views Bedfordshire feed;initiatives withdrawal;../fake-data/blob/hipster.png;image/png;false
8;Music Concrete;Massachusetts;../fake-data/blob/hipster.png;image/png;true
9;lavender;Sleek Granite Bike Handcrafted Down-sized;../fake-data/blob/hipster.png;image/png;false
10;Ethiopian Birr Garden monitor;Sausages Practical Rubber Cheese Investment Account;../fake-data/blob/hipster.png;image/png;false
